configuration,method,drift_type,distribution,replications,TP,FP,FN,FDR,MDR,IR,mean_delay
KSWIN,kswin,abrupt,all,3000,0,3000,0,1.0,,0.0,
KSWIN,kswin,abrupt,exponential,1000,0,1000,0,1.0,,0.0,
KSWIN,kswin,abrupt,gamma,1000,0,1000,0,1.0,,0.0,
KSWIN,kswin,abrupt,normal,1000,0,1000,0,1.0,,0.0,
KSWIN,kswin,all,all,9000,0,9000,0,1.0,,0.0,
KSWIN,kswin,gradual,all,3000,0,3000,0,1.0,,0.0,
KSWIN,kswin,gradual,exponential,1000,0,1000,0,1.0,,0.0,
KSWIN,kswin,gradual,gamma,1000,0,1000,0,1.0,,0.0,
KSWIN,kswin,gradual,normal,1000,0,1000,0,1.0,,0.0,
KSWIN,kswin,incremental,all,3000,0,3000,0,1.0,,0.0,
KSWIN,kswin,incremental,exponential,1000,0,1000,0,1.0,,0.0,
KSWIN,kswin,incremental,gamma,1000,0,1000,0,1.0,,0.0,
KSWIN,kswin,incremental,normal,1000,0,1000,0,1.0,,0.0,
LORD-LD,lord,abrupt,all,3000,2454,4,542,0.0016273393002441008,0.18090787716955942,0.9983726606997559,994.6210268948655
LORD-LD,lord,abrupt,exponential,1000,570,1,429,0.0017513134851138354,0.4294294294294294,0.9982486865148862,1371.578947368421
LORD-LD,lord,abrupt,gamma,1000,928,2,70,0.002150537634408602,0.07014028056112225,0.9978494623655914,896.9827586206897
LORD-LD,lord,abrupt,normal,1000,956,1,43,0.0010449320794148381,0.043043043043043044,0.9989550679205852,864.6443514644351
LORD-LD,lord,all,all,9000,5783,10,3207,0.0017262213015708614,0.35672969966629586,0.9982737786984291,1332.2496973888985
LORD-LD,lord,gradual,all,3000,1655,4,1341,0.0024110910186859553,0.44759679572763683,0.997588908981314,1675.5287009063445
LORD-LD,lord,gradual,exponential,1000,203,1,796,0.004901960784313725,0.7967967967967968,0.9950980392156863,2286.6995073891626
LORD-LD,lord,gradual,gamma,1000,697,1,302,0.0014326647564469914,0.3023023023023023,0.998567335243553,1621.2338593974175
LORD-LD,lord,gradual,normal,1000,755,2,243,0.002642007926023778,0.24348697394789579,0.9973579920739762,1561.3245033112582
LORD-LD,lord,incremental,all,3000,1674,2,1324,0.0011933174224343676,0.4416277518345564,0.9988066825775657,1487.8136200716847
LORD-LD,lord,incremental,exponential,1000,192,0,808,0.0,0.808,1.0,2215.625
LORD-LD,lord,incremental,gamma,1000,713,1,286,0.0014005602240896359,0.2862862862862863,0.9985994397759104,1414.3057503506311
LORD-LD,lord,incremental,normal,1000,769,1,230,0.0012987012987012987,0.23023023023023023,0.9987012987012988,1374.2522756827047
MCDD-G20k,mcdd,abrupt,all,3000,2483,326,191,0.11605553577785689,0.07142857142857142,0.8839444642221431,619.4925493354813
MCDD-G20k,mcdd,abrupt,exponential,1000,723,106,171,0.1278648974668275,0.1912751677852349,0.8721351025331725,1016.597510373444
MCDD-G20k,mcdd,abrupt,gamma,1000,865,121,14,0.12271805273833672,0.015927189988623434,0.8772819472616633,474.6820809248555
MCDD-G20k,mcdd,abrupt,normal,1000,895,99,6,0.09959758551307847,0.006659267480577136,0.9004024144869215,438.659217877095
MCDD-G20k,mcdd,all,all,9000,6492,1053,1455,0.13956262425447316,0.1830879577198943,0.8604373757455268,1035.4898336414049
MCDD-G20k,mcdd,gradual,all,3000,2001,364,635,0.15391120507399578,0.24089529590288317,0.8460887949260042,1407.7961019490256
MCDD-G20k,mcdd,gradual,exponential,1000,414,131,455,0.24036697247706423,0.523590333716916,0.7596330275229358,1773.9130434782608
MCDD-G20k,mcdd,gradual,gamma,1000,784,118,98,0.13082039911308205,0.1111111111111111,0.8691796008869179,1319.642857142857
MCDD-G20k,mcdd,gradual,normal,1000,803,115,82,0.12527233115468409,0.09265536723163842,0.8747276688453159,1305.1058530510586
MCDD-G20k,mcdd,incremental,all,3000,2008,363,629,0.1530999578237031,0.2385286310200986,0.8469000421762969,1178.8844621513945
MCDD-G20k,mcdd,incremental,exponential,1000,423,117,460,0.21666666666666667,0.5209513023782559,0.7833333333333333,1617.0212765957447
MCDD-G20k,mcdd,incremental,gamma,1000,782,125,93,0.1378169790518192,0.10628571428571429,0.8621830209481808,1081.5856777493607
MCDD-G20k,mcdd,incremental,normal,1000,803,121,76,0.13095238095238096,0.08646188850967008,0.8690476190476191,1042.8393524283936
MCDD-G20kT,mcdd,abrupt,all,3000,2452,257,291,0.09486895533407161,0.1060882245716369,0.9051310446659284,415.3344208809135
MCDD-G20kT,mcdd,abrupt,exponential,1000,669,86,245,0.11390728476821192,0.26805251641137856,0.8860927152317881,697.7578475336323
MCDD-G20kT,mcdd,abrupt,gamma,1000,885,84,31,0.08668730650154799,0.03384279475982533,0.913312693498452,311.1864406779661
MCDD-G20kT,mcdd,abrupt,normal,1000,898,87,15,0.0883248730964467,0.01642935377875137,0.9116751269035533,307.57238307349667
MCDD-G20kT,mcdd,all,all,9000,6874,775,1351,0.10132043404366584,0.16425531914893618,0.8986795659563341,887.3727087576375
MCDD-G20kT,mcdd,gradual,all,3000,2224,254,522,0.10250201775625505,0.19009468317552805,0.897497982243745,1250.5395683453237
MCDD-G20kT,mcdd,gradual,exponential,1000,514,80,406,0.13468013468013468,0.44130434782608696,0.8653198653198653,1520.2334630350194
MCDD-G20kT,mcdd,gradual,gamma,1000,840,92,68,0.09871244635193133,0.07488986784140969,0.9012875536480687,1183.5714285714287
MCDD-G20kT,mcdd,gradual,normal,1000,870,82,48,0.0861344537815126,0.05228758169934641,0.9138655462184874,1155.8620689655172
MCDD-G20kT,mcdd,incremental,all,3000,2198,264,538,0.10722989439480098,0.1966374269005848,0.892770105605199,1046.4968152866243
MCDD-G20kT,mcdd,incremental,exponential,1000,496,86,418,0.14776632302405499,0.4573304157549234,0.852233676975945,1409.6774193548388
MCDD-G20kT,mcdd,incremental,gamma,1000,839,95,66,0.10171306209850108,0.07292817679558011,0.8982869379014989,964.4815256257449
MCDD-G20kT,mcdd,incremental,normal,1000,863,83,54,0.08773784355179703,0.05888767720828789,0.912262156448203,917.4971031286211
MCDD-G30k,mcdd,abrupt,all,3000,2448,312,240,0.11304347826086956,0.08928571428571429,0.8869565217391304,679.4117647058823
MCDD-G30k,mcdd,abrupt,exponential,1000,696,97,207,0.1223203026481715,0.2292358803986711,0.8776796973518285,1094.8275862068965
MCDD-G30k,mcdd,abrupt,gamma,1000,866,111,23,0.11361310133060389,0.025871766029246346,0.8863868986693961,536.7205542725173
MCDD-G30k,mcdd,abrupt,normal,1000,886,104,10,0.10505050505050505,0.011160714285714286,0.8949494949494949,492.5507900677201
MCDD-G30k,mcdd,all,all,9000,6324,980,1696,0.13417305585980285,0.2114713216957606,0.8658269441401971,1096.2998102466793
MCDD-G30k,mcdd,gradual,all,3000,1933,329,738,0.14544650751547303,0.2763010108573568,0.8545534924845269,1466.1148473874805
MCDD-G30k,mcdd,gradual,exponential,1000,365,112,523,0.2348008385744235,0.588963963963964,0.7651991614255765,1893.150684931507
MCDD-G30k,mcdd,gradual,gamma,1000,780,102,118,0.11564625850340136,0.13140311804008908,0.8843537414965986,1370.7692307692307
MCDD-G30k,mcdd,gradual,normal,1000,788,115,97,0.1273532668881506,0.1096045197740113,0.8726467331118494,1362.6903553299492
MCDD-G30k,mcdd,incremental,all,3000,1943,339,718,0.1485539000876424,0.26982337467117623,0.8514460999123575,1253.628409675759
MCDD-G30k,mcdd,incremental,exponential,1000,377,110,513,0.22587268993839835,0.5764044943820225,0.7741273100616016,1783.5543766578248
MCDD-G30k,mcdd,incremental,gamma,1000,773,112,115,0.12655367231638417,0.12950450450450451,0.8734463276836159,1143.8551099611902
MCDD-G30k,mcdd,incremental,normal,1000,793,117,90,0.12857142857142856,0.10192525481313704,0.8714285714285714,1108.701134930643
MCDD-G30kT,mcdd,abrupt,all,3000,2456,251,293,0.09272257111193202,0.1065842124408876,0.907277428888068,416.9381107491857
MCDD-G30kT,mcdd,abrupt,exponential,1000,667,88,245,0.11655629139072848,0.26864035087719296,0.8834437086092716,703.7481259370314
MCDD-G30kT,mcdd,abrupt,gamma,1000,887,81,32,0.08367768595041322,0.03482045701849837,0.9163223140495868,310.93573844419393
MCDD-G30kT,mcdd,abrupt,normal,1000,902,82,16,0.08333333333333333,0.017429193899782137,0.9166666666666666,309.09090909090907
MCDD-G30kT,mcdd,all,all,9000,6911,741,1348,0.09683742812336645,0.16321588570044798,0.9031625718766335,890.9853856171321
MCDD-G30kT,mcdd,gradual,all,3000,2243,244,513,0.09811017289907518,0.18613933236574745,0.9018898271009248,1254.2131074453857
MCDD-G30kT,mcdd,gradual,exponential,1000,523,80,397,0.13266998341625208,0.4315217391304348,0.867330016583748,1527.342256214149
MCDD-G30kT,mcdd,gradual,gamma,1000,844,89,67,0.09539121114683816,0.07354555433589462,0.9046087888531619,1183.175355450237
MCDD-G30kT,mcdd,gradual,normal,1000,876,75,49,0.07886435331230283,0.05297297297297297,0.9211356466876972,1159.5890410958905
MCDD-G30kT,mcdd,incremental,all,3000,2212,246,542,0.1000813669650122,0.19680464778503995,0.8999186330349878,1049.005424954792
MCDD-G30kT,mcdd,incremental,exponential,1000,495,84,421,0.14507772020725387,0.4596069868995633,0.8549222797927462,1409.6969696969697
MCDD-G30kT,mcdd,incremental,gamma,1000,847,85,68,0.09120171673819742,0.07431693989071038,0.9087982832618026,964.344746162928
MCDD-G30kT,mcdd,incremental,normal,1000,870,77,53,0.08130939809926083,0.05742145178764897,0.9186906019007391,926.2068965517242
MCDD-S,mcdd,abrupt,all,3000,2316,398,286,0.1466470154753132,0.10991544965411222,0.8533529845246868,415.2849740932642
MCDD-S,mcdd,abrupt,exponential,1000,644,116,240,0.15263157894736842,0.27149321266968324,0.8473684210526315,698.4472049689441
MCDD-S,mcdd,abrupt,gamma,1000,830,137,33,0.14167528438469493,0.038238702201622246,0.8583247156153051,306.26506024096386
MCDD-S,mcdd,abrupt,normal,1000,842,145,13,0.1469098277608916,0.0152046783625731,0.8530901722391084,306.17577197149643
MCDD-S,mcdd,all,all,9000,6555,1130,1315,0.14703968770331816,0.1670902160101652,0.8529603122966819,884.1189931350115
MCDD-S,mcdd,gradual,all,3000,2134,369,497,0.1474230922892529,0.18890155834283542,0.8525769077107471,1241.7057169634488
MCDD-S,mcdd,gradual,exponential,1000,488,122,390,0.2,0.44419134396355353,0.8,1521.72131147541
MCDD-S,mcdd,gradual,gamma,1000,817,123,60,0.13085106382978723,0.06841505131128849,0.8691489361702127,1172.3378212974296
MCDD-S,mcdd,gradual,normal,1000,829,124,47,0.13011542497376705,0.05365296803652968,0.869884575026233,1145.2352231604343
MCDD-S,mcdd,incremental,all,3000,2105,363,532,0.14708265802269044,0.2017444065225635,0.8529173419773096,1037.4346793349168
MCDD-S,mcdd,incremental,exponential,1000,467,125,408,0.21114864864864866,0.4662857142857143,0.7888513513513513,1380.728051391863
MCDD-S,mcdd,incremental,gamma,1000,809,119,72,0.12823275862068967,0.08172531214528944,0.8717672413793104,946.10630407911
MCDD-S,mcdd,incremental,normal,1000,829,119,52,0.12552742616033755,0.05902383654937571,0.8744725738396625,933.1724969843184
TSH-G20k,tsh,abrupt,all,3000,2030,552,418,0.21378776142525174,0.1707516339869281,0.7862122385747483,925.0246305418719
TSH-G20k,tsh,abrupt,exponential,1000,481,181,338,0.27341389728096677,0.4126984126984127,0.7265861027190332,1301.4553014553014
TSH-G20k,tsh,abrupt,gamma,1000,767,184,49,0.19348054679284962,0.06004901960784314,0.8065194532071503,812.51629726206
TSH-G20k,tsh,abrupt,normal,1000,782,187,31,0.19298245614035087,0.038130381303813035,0.8070175438596491,803.8363171355498
TSH-G20k,tsh,all,all,9000,4867,1651,2482,0.2532985578398282,0.3377330249013471,0.7467014421601719,1262.5436613930553
TSH-G20k,tsh,gradual,all,3000,1401,559,1040,0.28520408163265304,0.42605489553461695,0.7147959183673469,1606.423982869379
TSH-G20k,tsh,gradual,exponential,1000,194,178,628,0.478494623655914,0.7639902676399026,0.521505376344086,2074.226804123711
TSH-G20k,tsh,gradual,gamma,1000,559,209,232,0.2721354166666667,0.29329962073324906,0.7278645833333334,1568.515205724508
TSH-G20k,tsh,gradual,normal,1000,648,172,180,0.2097560975609756,0.21739130434782608,0.7902439024390244,1499.0740740740741
TSH-G20k,tsh,incremental,all,3000,1436,540,1024,0.2732793522267207,0.416260162601626,0.7267206477732794,1404.1782729805013
TSH-G20k,tsh,incremental,exponential,1000,194,170,636,0.46703296703296704,0.7662650602409639,0.532967032967033,2024.7422680412371
TSH-G20k,tsh,incremental,gamma,1000,596,191,213,0.24269377382465057,0.26328800988875156,0.7573062261753494,1337.5838926174497
TSH-G20k,tsh,incremental,normal,1000,646,179,175,0.21696969696969698,0.21315468940316687,0.7830303030303031,1279.2569659442725
TSH-G30k,tsh,abrupt,all,3000,2021,458,521,0.18475191609519967,0.2049567269866247,0.8152480839048003,996.5363681345868
TSH-G30k,tsh,abrupt,exponential,1000,435,155,410,0.2627118644067797,0.48520710059171596,0.7372881355932204,1402.7586206896551
TSH-G30k,tsh,abrupt,gamma,1000,771,157,72,0.16918103448275862,0.08540925266903915,0.8308189655172413,889.4941634241245
TSH-G30k,tsh,abrupt,normal,1000,815,146,39,0.15192507804370448,0.04566744730679157,0.8480749219562955,880.9815950920246
TSH-G30k,tsh,all,all,9000,4605,1374,3021,0.22980431510286,0.39614476789929187,0.77019568489714,1317.915309446254
TSH-G30k,tsh,gradual,all,3000,1239,476,1285,0.27755102040816326,0.5091125198098256,0.7224489795918367,1684.2615012106537
TSH-G30k,tsh,gradual,exponential,1000,138,149,713,0.519163763066202,0.8378378378378378,0.4808362369337979,2104.3478260869565
TSH-G30k,tsh,gradual,gamma,1000,527,174,299,0.24821683309557774,0.3619854721549637,0.7517831669044223,1667.5521821631878
TSH-G30k,tsh,gradual,normal,1000,574,153,273,0.21045392022008252,0.32231404958677684,0.7895460797799174,1598.6062717770035
TSH-G30k,tsh,incremental,all,3000,1345,440,1215,0.24649859943977592,0.474609375,0.7535014005602241,1463.3457249070632
TSH-G30k,tsh,incremental,exponential,1000,153,146,701,0.4882943143812709,0.8208430913348946,0.5117056856187291,1960.7843137254902
TSH-G30k,tsh,incremental,gamma,1000,567,159,274,0.2190082644628099,0.3258026159334126,0.78099173553719,1459.2592592592594
TSH-G30k,tsh,incremental,normal,1000,625,135,240,0.17763157894736842,0.2774566473988439,0.8223684210526315,1345.28
TSH-S,tsh,abrupt,all,3000,1881,933,186,0.3315565031982942,0.0899854862119013,0.6684434968017058,677.8309409888358
TSH-S,tsh,abrupt,exponential,1000,525,308,167,0.3697478991596639,0.24132947976878613,0.6302521008403361,1078.857142857143
TSH-S,tsh,abrupt,gamma,1000,665,320,15,0.3248730964467005,0.022058823529411766,0.6751269035532995,560.9022556390977
TSH-S,tsh,abrupt,normal,1000,691,305,4,0.30622489959839355,0.0057553956834532375,0.6937751004016064,485.67293777134586
TSH-S,tsh,all,all,9000,4833,2880,1287,0.3733955659276546,0.21029411764705883,0.6266044340723453,1088.3923029174425
TSH-S,tsh,gradual,all,3000,1468,975,557,0.39909946786737616,0.2750617283950617,0.6009005321326238,1451.0899182561309
TSH-S,tsh,gradual,exponential,1000,294,325,381,0.5250403877221325,0.5644444444444444,0.47495961227786754,1848.9795918367347
TSH-S,tsh,gradual,gamma,1000,595,301,104,0.3359375,0.14878397711015737,0.6640625,1358.6554621848738
TSH-S,tsh,gradual,normal,1000,579,349,72,0.3760775862068966,0.11059907834101383,0.6239224137931034,1344.041450777202
TSH-S,tsh,incremental,all,3000,1484,972,544,0.3957654723127036,0.2682445759368836,0.6042345276872965,1250.0
TSH-S,tsh,incremental,exponential,1000,290,330,380,0.532258064516129,0.5671641791044776,0.46774193548387094,1764.1379310344828
TSH-S,tsh,incremental,gamma,1000,602,305,93,0.3362734288864388,0.13381294964028778,0.6637265711135611,1127.906976744186
TSH-S,tsh,incremental,normal,1000,592,337,71,0.3627556512378902,0.10708898944193061,0.6372443487621098,1122.2972972972973
